{"('0', '2', '0000')": [15985393.506595518, 15663822.147696389, 14744400.884758584, 7852944.213695804], "('0', '2', '0001')": [24330899.787889913, 17428970.26413917, 18963549.635013692, -17383.137616441323], "('0', '2', '0010')": [20059045.572002705, 17810153.214289397, -11361.51282838707, 14227794.888499523], "('0', '2', '0011')": [887844.4210481013, 0, 0, 0], "('0', '2', '0100')": [17887023.448574807, -42464.525002307135, 22590830.00795638, 16887663.897556815], "('0', '2', '0101')": [17561502.315485764, -3940.399, 544148.2355432708, -1000.0], "('0', '2', '0110')": [0, 0, 0, 10399217.102144558], "('0', '2', '0111')": [0, 0, 0, 0], "('0', '2', '1000')": [-8648.275251635909, 16509850.743219094, 22558206.542939626, 12505264.73629646], "('0', '2', '1001')": [-1000.0, 2610259.268592621, 0, 0], "('0', '2', '1010')": [-1000.0, 0, 0, 0], "('0', '2', '1011')": [0, 0, 0, 0], "('0', '2', '1100')": [-1000.0, -1000.0, 0, 0], "('0', '2', '1101')": [-1000.0, 0, 0, 0], "('0', '2', '1110')": [0, 0, 0, 0], "('0', '2', '1111')": [0, 0, 0, 0], "('0', '3', '0000')": [10186375.300143294, 13256352.738502964, 10498275.92039927, 14399006.435562808], "('0', '3', '0001')": [13806295.482401257, 13233850.80160016, 13805663.736199327, -8648.275251635909], "('0', '3', '0010')": [14328542.070770502, 19511511.008314822, -11361.51282838707, 14002339.951995632], "('0', '3', '0011')": [6526617.7519037565, -29.700999999999997, -1000.0, 0], "('0', '3', '0100')": [14096380.19983353, -46909.44570448866, 12435566.231845371, 14536817.002499718], "('0', '3', '0101')": [14663281.923282064, -1000.0, 0, 0], "('0', '3', '0110')": [897622.6445758934, 0, 0, 12363352.823119344], "('0', '3', '0111')": [0, 0, 0, 0], "('0', '3', '1000')": [-4900.99501, 7024266.766536108, 15565604.495569853, 21056532.3172052], "('0', '3', '1001')": [-1000.0, 0, 3810313.895269111, 0], "('0', '3', '1010')": [-1000.0, -19.9, -1000.0, 0], "('0', '3', '1011')": [0, 0, 0, 0], "('0', '3', '1100')": [-1000.0, 0, 0, 0], "('0', '3', '1101')": [0, 0, 0, 0], "('0', '3', '1110')": [0, 0, 0, 0], "('0', '3', '1111')": [0, 0, 0, 0], "('0', 'NA', '0000')": [3680643.673411321, 0, 0, 15659697.192229878], "('0', 'NA', '0001')": [37477083.06317013, 0, 10799836.442367027, -1990.0], "('0', 'NA', '0010')": [37433381.781031854, 7259746.677192504, -1990.0, 19120786.80370548], "('0', 'NA', '0011')": [0, 0, 0, 0], "('0', 'NA', '0100')": [34132251.447525516, -11361.51282838707, 9954863.145018697, 13701239.923675356], "('0', 'NA', '0101')": [8516331.667998953, 0, 0, 0], "('0', 'NA', '0110')": [0, 0, 0, 0], "('0', 'NA', '0111')": [0, 0, 0, 0], "('0', 'NA', '1000')": [-1000.0, 12946.349079966127, 13857144.45711424, 0], "('0', 'NA', '1001')": [-1000.0, 0, 0, 0], "('0', 'NA', '1010')": [0, 0, 0, 0], "('0', 'NA', '1011')": [0, 0, 0, 0], "('0', 'NA', '1100')": [0, 0, 0, 0], "('0', 'NA', '1101')": [0, 0, 0, 0], "('0', 'NA', '1110')": [0, 0, 0, 0], "('0', 'NA', '1111')": [0, 0, 0, 0], "('1', '2', '0000')": [13151645.334723495, 17457288.350327495, 19032040.511793144, 10930331.194559494], "('1', '2', '0001')": [17597303.72529571, 17410520.717210628, 18589654.73874063, -43039.87975228406], "('1', '2', '0010')": [19652895.01868438, 21740924.509907268, -8648.275251635909, 14355380.038860077], "('1', '2', '0011')": [2723450.4217093484, 0, 0, 0], "('1', '2', '0100')": [10227347.60063026, -28944.677272770765, 19988027.35344555, 14019231.042390946], "('1', '2', '0101')": [4845602.128799953, 0, 0, -3940.399], "('1', '2', '0110')": [9588299.744633444, 0, 0, 0], "('1', '2', '0111')": [0, 0, 0, 0], "('1', '2', '1000')": [-22995.68541948447, 16974882.007615037, 17780080.05470911, 18143383.370334905], "('1', '2', '1001')": [-3940.399, 20959142.164642036, 0, -1990.0], "('1', '2', '1010')": [-1000.0, 14776875.934742566, 0, 0], "('1', '2', '1011')": [0, 0, 0, 0], "('1', '2', '1100')": [-1990.0, -1000.0, 13462739.646184217, 0], "('1', '2', '1101')": [-1000.0, -1000.0, 12328104.486936916, 0], "('1', '2', '1110')": [0, 0, 0, 0], "('1', '2', '1111')": [0, 0, 0, 0], "('1', '3', '0000')": [13608609.275723767, 19689126.6840706, 8739508.228696918, 20806483.87487012], "('1', '3', '0001')": [16172805.102646265, 4040277.1000077734, 2943807.7640549736, -8648.275251635909], "('1', '3', '0010')": [16502519.931555787, 18151431.69940458, -55247.67862361891, 24263273.99235372], "('1', '3', '0011')": [7512485.790395781, 0, 0, 0], "('1', '3', '0100')": [14806335.428458702, -26029.962661171958, 12480246.942094434, 21737606.050670944], "('1', '3', '0101')": [11430547.540075295, -1000.0, 1300815.1172165826, 0], "('1', '3', '0110')": [-19.9, -2970.1, -1000.0, 17211806.451240256], "('1', '3', '0111')": [0, 0, 0, 0], "('1', '3', '1000')": [-11361.51282838707, 12842038.123045335, 12658370.473221358, 19521863.88719164], "('1', '3', '1001')": [-1000.0, 0, 0, -1000.0], "('1', '3', '1010')": [-2970.1, 15847633.763851559, -3940.399, 2769133.6543551427], "('1', '3', '1011')": [0, 0, 0, 0], "('1', '3', '1100')": [-2970.1, -1000.0, 0, 14237196.6224808], "('1', '3', '1101')": [0, 0, 0, 0], "('1', '3', '1110')": [-1000.0, -1000.0, 0, 0], "('1', '3', '1111')": [0, 0, 0, 0], "('1', 'NA', '0000')": [3303556.546935504, 1073092.03681828, 1693124.5915360318, 19418930.563264463], "('1', 'NA', '0001')": [15966437.371598784, 34101596.369929664, 11779019.900719285, -10466.174574128354], "('1', 'NA', '0010')": [13912485.540933622, 40806655.47065445, -6793.465209300999, 14699367.772497078], "('1', 'NA', '0011')": [-19.9, 20370477.192672443, 0, 0], "('1', 'NA', '0100')": [463977.7867987779, -1990.0, 3288978.9126166604, 18772653.4006453], "('1', 'NA', '0101')": [967316.4210226994, -1000.0, 0, 0], "('1', 'NA', '0110')": [0, 0, 0, 0], "('1', 'NA', '0111')": [0, 0, 0, 0], "('1', 'NA', '1000')": [-57011.09864761061, 35817887.44221263, 16143390.122736208, 20188301.64176218], "('1', 'NA', '1001')": [-3940.399, 25209872.871437725, 283914.7279154735, 0], "('1', 'NA', '1010')": [-1000.0, 18198385.692174535, -1990.0, 5828359.010489794], "('1', 'NA', '1011')": [0, 0, 0, 0], "('1', 'NA', '1100')": [0, 0, 0, 0], "('1', 'NA', '1101')": [-1000.0, 0, 0, 0], "('1', 'NA', '1110')": [0, 0, 0, 0], "('1', 'NA', '1111')": [0, 0, 0, 0], "('NA', '2', '0000')": [17459610.53361358, 0, 515232.41275844997, 0], "('NA', '2', '0001')": [20385776.369997643, 19945206.83624691, 40386810.131082825, -27501.966404214636], "('NA', '2', '0010')": [15835670.77250977, 2710420.8678404866, 0, 0], "('NA', '2', '0011')": [0, 0, 0, 0], "('NA', '2', '0100')": [17134075.15233838, -7725.530557207989, 38253009.91963932, 6141245.168700506], "('NA', '2', '0101')": [8534085.407899488, 0, 0, 0], "('NA', '2', '0110')": [7934135.687165729, 0, 0, 0], "('NA', '2', '0111')": [0, 0, 0, 0], "('NA', '2', '1000')": [-3940.399, 19642326.07879155, 37436063.17724566, 0], "('NA', '2', '1001')": [-1000.0, 15506120.870420033, 0, -1000.0], "('NA', '2', '1010')": [0, 0, 0, 0], "('NA', '2', '1011')": [0, 0, 0, 0], "('NA', '2', '1100')": [-1000.0, -1000.0, 10916972.337805727, 0], "('NA', '2', '1101')": [0, 0, 0, 0], "('NA', '2', '1110')": [0, 0, 0, 0], "('NA', '2', '1111')": [0, 0, 0, 0], "('NA', '3', '0000')": [18534698.07228894, 0, 0, 0], "('NA', '3', '0001')": [19759413.697719235, 2186464.014946065, 3717726.1513122222, -1000.0], "('NA', '3', '0010')": [16585595.657383658, 17204119.22569128, -5851.985059899999, 19256230.448661607], "('NA', '3', '0011')": [0, 0, 0, 0], "('NA', '3', '0100')": [18206313.7314644, -4900.99501, 17132225.925725456, 20409976.960325666], "('NA', '3', '0101')": [19612190.298628762, 0, 0, 0], "('NA', '3', '0110')": [-29.700999999999997, -1000.0, 0, 0], "('NA', '3', '0111')": [0, 0, 0, 0], "('NA', '3', '1000')": [-3940.399, 9085679.919724295, 11797948.131873654, 26354060.738993086], "('NA', '3', '1001')": [-1990.0, 7624925.787043215, 0, 0], "('NA', '3', '1010')": [-1000.0, 11433986.299702907, 0, 0], "('NA', '3', '1011')": [0, 0, 0, 0], "('NA', '3', '1100')": [-1000.0, -1000.0, 4021739.314687509, 398685.0444604541], "('NA', '3', '1101')": [0, 0, 0, 0],